iteration,round, vertex1, vertex2, old_weight, new_weight, accepted
0,0, 1, 0, 0.000000, 0.000000, 1
1,0, 2, 0, 0.000000, 0.000000, 1
2,0, 2, 1, 0.000000, 0.000000, 1
3,0, 3, 0, 0.000000, 0.000000, 1
4,0, 3, 1, 0.000000, 0.000000, 1
5,0, 3, 2, 0.000000, 0.000000, 1
6,0, 4, 0, 0.000000, 0.000000, 1
7,0, 4, 1, 0.000000, 0.000000, 1
8,0, 4, 2, 0.000000, 0.000000, 1
9,0, 4, 3, 0.000000, 0.000000, 1
10,0, 5, 0, 0.000000, 0.000000, 1
11,0, 5, 1, 0.000000, 0.000000, 1
12,0, 5, 2, 0.000000, 0.000000, 1
13,0, 5, 3, 0.000000, 0.300000, 1
14,0, 5, 4, 0.000000, 0.000000, 1
15,0, 6, 0, 0.000000, 0.400000, 1
16,0, 6, 1, 0.000000, 0.000000, 1
17,0, 6, 2, 0.000000, 0.000000, 1
18,0, 6, 3, 0.000000, 0.000000, 1
19,0, 6, 4, 0.000000, 0.000000, 1
20,0, 6, 5, 0.000000, 0.400000, 1
21,0, 7, 0, 0.000000, 0.000000, 1
22,0, 7, 1, 0.000000, 0.200000, 1
23,0, 7, 2, 0.000000, 0.400000, 1
24,0, 7, 3, 0.000000, 0.000000, 1
25,0, 7, 4, 0.000000, 0.000000, 1
26,0, 7, 5, 0.000000, 0.000000, 1
27,0, 7, 6, 0.000000, 0.100000, 1
28,0, 8, 0, 0.000000, 0.000000, 1
29,0, 8, 1, 0.000000, 0.000000, 1
30,0, 8, 2, 0.000000, 0.000000, 1
31,0, 8, 3, 0.000000, 0.200000, 1
32,0, 8, 4, 0.000000, 0.000000, 1
33,0, 8, 5, 0.000000, 0.100000, 1
34,0, 8, 6, 0.000000, 0.000000, 1
35,0, 8, 7, 0.000000, 0.000000, 1
36,0, 9, 0, 0.000000, 0.300000, 1
37,0, 9, 1, 0.000000, 0.000000, 1
38,0, 9, 2, 0.000000, 0.000000, 1
39,0, 9, 3, 0.000000, 0.000000, 1
40,0, 9, 4, 0.000000, 0.000000, 1
41,0, 9, 5, 0.000000, 0.000000, 1
42,0, 9, 6, 0.000000, 0.000000, 1
43,0, 9, 7, 0.000000, 0.100000, 1
44,0, 9, 8, 0.000000, 0.000000, 1
45,0, 10, 0, 0.000000, 0.000000, 1
46,0, 10, 1, 0.000000, 0.000000, 1
47,0, 10, 2, 0.000000, 0.300000, 1
48,0, 10, 3, 0.000000, 0.000000, 1
49,0, 10, 4, 0.000000, 0.000000, 1
50,0, 10, 5, 0.000000, 0.000000, 1
51,0, 10, 6, 0.000000, 0.300000, 1
52,0, 10, 7, 0.000000, 0.000000, 1
53,0, 10, 8, 0.000000, 0.000000, 1
54,0, 10, 9, 0.000000, 0.000000, 1
55,0, 11, 0, 0.000000, 0.000000, 1
56,0, 11, 1, 0.000000, 0.000000, 1
57,0, 11, 2, 0.000000, 0.000000, 1
58,0, 11, 3, 0.000000, 0.000000, 1
59,0, 11, 4, 0.000000, 0.000000, 1
60,0, 11, 5, 0.000000, 0.000000, 1
61,0, 11, 6, 0.000000, 0.000000, 1
62,0, 11, 7, 0.000000, 0.000000, 1
63,0, 11, 8, 0.000000, 0.000000, 1
64,0, 11, 9, 0.000000, 0.000000, 1
65,0, 11, 10, 0.000000, 0.000000, 1
66,1, 9, 0, 0.300000, 0.521662, 1
67,1, 7, 1, 0.200000, 0.499792, 1
68,1, 10, 2, 0.300000, 0.557612, 1
69,1, 8, 3, 0.200000, 0.199904, 1
70,1, 6, 5, 0.400000, 0.722027, 1
71,1, 6, 0, 0.400000, 0.564334, 1
72,1, 7, 1, 0.499792, 0.771240, 1
73,1, 8, 5, 0.100000, 0.000000, 1
74,1, 9, 0, 0.521662, 0.787323, 1
75,1, 10, 2, 0.557612, 0.864247, 1
76,2, 9, 0, 0.787323, 1.081876, 1
77,2, 7, 1, 0.771240, 1.024908, 1
78,2, 10, 2, 0.864247, 1.196664, 1
79,2, 8, 3, 0.199904, 0.187719, 1
80,2, 6, 5, 0.722027, 1.128041, 1
81,2, 6, 0, 0.564334, 0.744181, 1
82,2, 7, 1, 1.024908, 1.265021, 1
83,2, 8, 3, 0.187719, 0.174536, 1
84,2, 9, 0, 1.081876, 1.391210, 1
85,2, 10, 2, 1.196664, 1.544630, 1
86,3, 9, 0, 1.391210, 1.712859, 1
87,3, 7, 1, 1.265021, 1.493996, 1
88,3, 10, 2, 1.544630, 1.903036, 1
89,3, 8, 3, 0.174536, 0.160184, 1
90,3, 6, 5, 1.128041, 1.556058, 1
91,3, 6, 0, 0.744181, 0.937395, 1
92,3, 7, 1, 1.493996, 1.713439, 1
93,3, 8, 3, 0.160184, 0.144432, 1
94,3, 9, 0, 1.712859, 2.041421, 1
95,3, 10, 2, 1.903036, 2.268994, 1
96,4, 9, 0, 2.041421, 2.376854, 1
97,4, 7, 1, 1.713439, 1.924510, 1
98,4, 10, 2, 2.268994, 2.640711, 1
99,4, 8, 3, 0.144432, 0.126961, 1
100,4, 6, 5, 1.556058, 1.996990, 1
101,4, 6, 0, 0.937395, 1.141649, 1
102,4, 7, 1, 1.924510, 2.128094, 1
103,4, 8, 3, 0.126961, 0.107303, 1
104,4, 9, 0, 2.376854, 2.716295, 1
105,4, 10, 2, 2.640711, 3.016992, 1
106,5, 9, 0, 2.716295, 3.060200, 1
107,5, 7, 1, 2.128094, 2.324894, 1
108,5, 10, 2, 3.016992, 3.396999, 1
109,5, 5, 3, 0.300000, 0.450421, 1
110,5, 6, 5, 1.996990, 2.443152, 1
111,5, 6, 0, 1.141649, 1.354962, 1
112,5, 7, 1, 2.324894, 2.515483, 1
113,5, 8, 3, 0.107303, 0.084707, 1
114,5, 9, 0, 3.060200, 3.406744, 1
115,5, 10, 2, 3.396999, 3.780118, 1
116,6, 9, 0, 3.406744, 3.756470, 1
117,6, 7, 1, 2.515483, 2.700341, 1
118,6, 10, 2, 3.780118, 4.165886, 1
119,6, 5, 3, 0.450421, 0.642716, 1
120,6, 6, 5, 2.443152, 2.892999, 1
121,6, 6, 0, 1.354962, 1.575772, 1
122,6, 7, 1, 2.700341, 2.879874, 1
123,6, 8, 3, 0.084707, 0.057817, 1
124,6, 9, 0, 3.756470, 4.108082, 1
125,6, 10, 2, 4.165886, 4.553943, 1
126,7, 9, 0, 4.108082, 4.462103, 1
127,7, 7, 1, 2.879874, 3.054435, 1
128,7, 10, 2, 4.553943, 4.944002, 1
129,7, 5, 3, 0.642716, 0.848602, 1
130,7, 6, 5, 2.892999, 3.345921, 1
131,7, 6, 0, 1.575772, 1.802861, 1
132,7, 7, 1, 3.054435, 3.224329, 1
133,7, 8, 3, 0.057817, 0.023556, 1
134,7, 9, 0, 4.462103, 4.817550, 1
135,7, 10, 2, 4.944002, 5.335832, 1
136,8, 9, 0, 4.817550, 5.174902, 1
137,8, 7, 1, 3.224329, 3.389827, 1
138,8, 10, 2, 5.335832, 5.729242, 1
139,8, 5, 3, 0.848602, 1.057726, 1
140,8, 6, 5, 3.345921, 3.801514, 1
141,8, 6, 0, 1.802861, 2.035277, 1
142,8, 7, 1, 3.389827, 3.551170, 1
143,8, 8, 3, 0.023556, 0.000000, 1
144,8, 9, 0, 5.174902, 5.533379, 1
145,8, 10, 2, 5.729242, 6.124074, 1
146,9, 9, 0, 5.533379, 5.893408, 1
147,9, 7, 1, 3.551170, 3.708572, 1
148,9, 10, 2, 6.124074, 6.520193, 1
149,9, 5, 3, 1.057726, 1.111703, 1
150,9, 6, 5, 3.801514, 4.220998, 1
151,9, 6, 0, 2.035277, 2.272269, 1
152,9, 7, 1, 3.708572, 3.862230, 1
153,9, 9, 0, 5.893408, 6.254352, 1
154,9, 10, 2, 6.520193, 6.917486, 1
155,10, 9, 0, 6.254352, 6.616594, 1
156,10, 7, 1, 3.862230, 4.012318, 1
157,10, 10, 2, 6.917486, 7.315853, 1
158,10, 5, 3, 1.111703, 1.164338, 1
159,10, 6, 5, 4.220998, 4.643051, 1
160,10, 6, 0, 2.272269, 2.513236, 1
161,10, 7, 1, 4.012318, 4.158999, 1
162,10, 9, 0, 6.616594, 6.979598, 1
163,10, 10, 2, 7.315853, 7.715210, 1
164,11, 9, 0, 6.979598, 7.343708, 1
165,11, 7, 1, 4.158999, 4.302420, 1
166,11, 10, 2, 7.715210, 8.115482, 1
167,11, 5, 3, 1.164338, 1.215708, 1
168,11, 6, 5, 4.643051, 5.067337, 1
169,11, 6, 0, 2.513236, 2.757688, 1
170,11, 7, 1, 4.302420, 4.442718, 1
171,11, 9, 0, 7.343708, 7.708464, 1
172,11, 10, 2, 8.115482, 8.516603, 1
173,12, 9, 0, 7.708464, 8.074178, 1
174,12, 7, 1, 4.442718, 4.580017, 1
175,12, 10, 2, 8.516603, 8.918516, 1
176,12, 5, 3, 1.215708, 1.265886, 1
177,12, 6, 5, 5.067337, 5.493584, 1
178,12, 6, 0, 2.757688, 3.005227, 1
179,12, 7, 1, 4.580017, 4.714435, 1
180,12, 9, 0, 8.074178, 8.440449, 1
181,12, 10, 2, 8.918516, 9.321168, 1
182,13, 9, 0, 8.440449, 8.807559, 1
183,13, 7, 1, 4.714435, 4.846080, 1
184,13, 10, 2, 9.321168, 9.724512, 1
185,13, 5, 3, 1.265886, 1.314934, 1
186,13, 6, 5, 5.493584, 5.921576, 1
187,13, 6, 0, 3.005227, 3.255519, 1
188,13, 7, 1, 4.846080, 4.975052, 1
189,13, 9, 0, 8.807559, 9.175157, 1
190,13, 10, 2, 9.724512, 10.128508, 1
191,14, 9, 0, 9.175157, 9.543498, 1
192,14, 7, 1, 4.975052, 5.101448, 1
193,14, 10, 2, 10.128508, 10.533116, 1
194,14, 5, 3, 1.314934, 1.362910, 1
195,14, 6, 5, 5.921576, 6.351130, 1
196,14, 6, 0, 3.255519, 3.508284, 1
197,14, 7, 1, 5.101448, 5.225354, 1
198,14, 9, 0, 9.543498, 9.912271, 1
199,14, 10, 2, 10.533116, 10.938304, 1
200,15, 9, 0, 9.912271, 10.281708, 1
201,15, 7, 1, 5.225354, 5.346855, 1
202,15, 10, 2, 10.938304, 11.344040, 1
203,15, 5, 3, 1.362910, 1.409865, 1
204,15, 6, 5, 6.351130, 6.782097, 1
205,15, 6, 0, 3.508284, 3.763287, 1
206,15, 7, 1, 5.346855, 5.466028, 1
207,15, 9, 7, 0.100000, 0.000000, 1
208,15, 10, 2, 11.344040, 11.630531, 1
209,16, 9, 0, 10.281708, 10.387938, 1
210,16, 7, 1, 5.466028, 5.502969, 1
211,16, 10, 2, 11.630531, 11.917370, 1
212,16, 5, 3, 1.409865, 1.455847, 1
213,16, 6, 5, 6.782097, 7.214348, 1
214,16, 6, 0, 3.763287, 4.020896, 1
215,16, 7, 1, 5.502969, 5.539217, 1
216,16, 9, 0, 10.387938, 10.493968, 1
217,16, 10, 2, 11.917370, 12.204543, 1
218,17, 9, 0, 10.493968, 10.599802, 1
219,17, 7, 1, 5.539217, 5.574789, 1
220,17, 10, 2, 12.204543, 12.492040, 1
221,17, 5, 3, 1.455847, 1.500900, 1
222,17, 6, 5, 7.214348, 7.647774, 1
223,17, 6, 0, 4.020896, 4.280769, 1
224,17, 7, 1, 5.574789, 5.609698, 1
225,17, 9, 0, 10.599802, 10.705441, 1
226,17, 10, 2, 12.492040, 12.779850, 1
227,18, 9, 0, 10.705441, 10.810886, 1
228,18, 7, 1, 5.609698, 5.643960, 1
229,18, 10, 2, 12.779850, 13.067963, 1
230,18, 5, 3, 1.500900, 1.545062, 1
231,18, 6, 5, 7.647774, 8.082280, 1
232,18, 6, 0, 4.280769, 4.542699, 1
233,18, 7, 1, 5.643960, 5.677589, 1
234,18, 9, 0, 10.810886, 10.916142, 1
235,18, 10, 2, 13.067963, 13.356369, 1
236,19, 9, 0, 10.916142, 11.021208, 1
237,19, 7, 1, 5.677589, 5.710599, 1
238,19, 10, 2, 13.356369, 13.645060, 1
239,19, 5, 3, 1.545062, 1.588372, 1
240,19, 6, 5, 8.082280, 8.517784, 1
241,19, 6, 0, 4.542699, 4.806509, 1
242,19, 7, 1, 5.710599, 5.743003, 1
243,19, 9, 0, 11.021208, 11.126087, 1
244,19, 10, 2, 13.645060, 13.934026, 1
245,20, 9, 0, 11.126087, 11.230781, 1
246,20, 7, 1, 5.743003, 5.774815, 1
247,20, 10, 2, 13.934026, 14.223260, 1
248,20, 5, 3, 1.588372, 1.630862, 1
249,20, 6, 5, 8.517784, 8.954214, 1
250,20, 6, 0, 4.806509, 5.072043, 1
251,20, 7, 1, 5.774815, 5.806047, 1
252,20, 9, 0, 11.230781, 11.335291, 1
253,20, 10, 2, 14.223260, 14.512754, 1
254,21, 9, 0, 11.335291, 11.439619, 1
255,21, 7, 1, 5.806047, 5.836711, 1
256,21, 10, 2, 14.512754, 14.802501, 1
257,21, 5, 3, 1.630862, 1.672564, 1
258,21, 6, 5, 8.954214, 9.391506, 1
259,21, 6, 0, 5.072043, 5.339165, 1
260,21, 7, 1, 5.836711, 5.866820, 1
261,21, 9, 0, 11.439619, 11.543768, 1
262,21, 10, 2, 14.802501, 15.092493, 1
263,22, 9, 0, 11.543768, 11.647738, 1
264,22, 7, 1, 5.866820, 5.896385, 1
265,22, 10, 2, 15.092493, 15.382724, 1
266,22, 5, 3, 1.672564, 1.713508, 1
267,22, 6, 5, 9.391506, 9.829604, 1
268,22, 6, 0, 5.339165, 5.607755, 1
269,22, 7, 1, 5.896385, 5.925418, 1
270,22, 9, 0, 11.647738, 11.751533, 1
271,22, 10, 2, 15.382724, 15.673187, 1
272,23, 9, 0, 11.751533, 11.855151, 1
273,23, 7, 1, 5.925418, 5.953929, 1
274,23, 10, 2, 15.673187, 15.963877, 1
275,23, 5, 3, 1.713508, 1.753721, 1
276,23, 6, 5, 9.829604, 10.268457, 1
277,23, 7, 6, 0.100000, 0.000000, 1
278,23, 7, 1, 5.953929, 5.901949, 1
279,23, 9, 0, 11.855151, 11.958596, 1
280,23, 10, 2, 15.963877, 16.254786, 1
281,24, 9, 0, 11.958596, 12.061870, 1
282,24, 7, 1, 5.901949, 5.850902, 1
283,24, 10, 2, 16.254786, 16.545910, 1
284,24, 5, 3, 1.753721, 1.793229, 1
285,24, 6, 5, 10.268457, 10.588274, 1
286,24, 6, 0, 5.607755, 5.798117, 1
287,24, 7, 1, 5.850902, 5.800774, 1
288,24, 9, 0, 12.061870, 12.164973, 1
289,24, 10, 2, 16.545910, 16.837244, 1
290,25, 9, 0, 12.164973, 12.267908, 1
291,25, 7, 1, 5.800774, 5.751554, 1
292,25, 10, 2, 16.837244, 17.128782, 1
293,25, 5, 3, 1.793229, 1.832056, 1
294,25, 6, 5, 10.588274, 10.908549, 1
295,25, 6, 0, 5.798117, 5.989337, 1
296,25, 7, 1, 5.751554, 5.703229, 1
297,25, 9, 0, 12.267908, 12.370676, 1
298,25, 10, 2, 17.128782, 17.420519, 1
299,26, 9, 0, 12.370676, 12.473278, 1
300,26, 7, 1, 5.703229, 5.655788, 1
301,26, 10, 2, 17.420519, 17.712450, 1
302,26, 5, 3, 1.832056, 1.870224, 1
303,26, 6, 5, 10.908549, 11.229266, 1
304,26, 6, 0, 5.989337, 6.181376, 1
305,26, 7, 1, 5.655788, 5.609219, 1
306,26, 9, 0, 12.473278, 12.575716, 1
307,26, 10, 2, 17.712450, 18.004572, 1
308,27, 9, 0, 12.575716, 12.677991, 1
309,27, 7, 1, 5.609219, 5.563510, 1
310,27, 10, 2, 18.004572, 18.296879, 1
311,27, 5, 3, 1.870224, 1.907754, 1
312,27, 6, 5, 11.229266, 11.550408, 1
313,27, 6, 0, 6.181376, 6.374197, 1
314,27, 7, 1, 5.563510, 5.518649, 1
315,27, 9, 0, 12.677991, 12.780104, 1
316,27, 10, 2, 18.296879, 18.589367, 1
317,28, 9, 0, 12.780104, 12.882057, 1
318,28, 7, 1, 5.518649, 5.474624, 1
319,28, 10, 2, 18.589367, 18.882032, 1
320,28, 5, 3, 1.907754, 1.944667, 1
321,28, 6, 5, 11.550408, 11.871961, 1
322,28, 6, 0, 6.374197, 6.567766, 1
323,28, 7, 1, 5.474624, 5.431424, 1
324,28, 9, 0, 12.882057, 12.983851, 1
325,28, 10, 2, 18.882032, 19.174871, 1
326,29, 9, 0, 12.983851, 13.085488, 1
327,29, 7, 1, 5.431424, 5.389036, 1
328,29, 10, 2, 19.174871, 19.467880, 1
329,29, 5, 3, 1.944667, 1.980981, 1
330,29, 6, 5, 11.871961, 12.193909, 1
331,29, 6, 0, 6.567766, 6.762050, 1
332,29, 7, 1, 5.389036, 5.347450, 1
333,29, 9, 0, 13.085488, 13.186969, 1
334,29, 10, 2, 19.467880, 19.761055, 1
335,30, 9, 0, 13.186969, 13.288295, 1
336,30, 7, 1, 5.347450, 5.306653, 1
337,30, 10, 2, 19.761055, 20.054392, 1
338,30, 5, 3, 1.980981, 2.016715, 1
339,30, 6, 5, 12.193909, 12.516239, 1
340,30, 6, 0, 6.762050, 6.957020, 1
341,30, 7, 1, 5.306653, 5.266634, 1
342,30, 9, 0, 13.288295, 13.389466, 1
343,30, 10, 2, 20.054392, 20.347887, 1
344,31, 9, 0, 13.389466, 13.490486, 1
345,31, 7, 1, 5.266634, 5.227381, 1
346,31, 10, 2, 20.347887, 20.641539, 1
347,31, 5, 3, 2.016715, 2.051886, 1
348,31, 6, 5, 12.516239, 12.838939, 1
349,31, 6, 0, 6.957020, 7.152648, 1
350,31, 7, 1, 5.227381, 5.188883, 1
351,31, 9, 0, 13.490486, 13.591354, 1
352,31, 10, 2, 20.641539, 20.935343, 1
353,32, 9, 0, 13.591354, 13.692073, 1
354,32, 7, 1, 5.188883, 5.151130, 1
355,32, 10, 2, 20.935343, 21.229296, 1
356,32, 5, 3, 2.051886, 2.086509, 1
357,32, 6, 5, 12.838939, 13.161996, 1
358,32, 6, 0, 7.152648, 7.348908, 1
359,32, 7, 1, 5.151130, 5.114109, 1
360,32, 9, 0, 13.692073, 13.792643, 1
361,32, 10, 2, 21.229296, 21.523396, 1
362,33, 9, 0, 13.792643, 13.893064, 1
363,33, 7, 1, 5.114109, 5.077808, 1
364,33, 10, 2, 21.523396, 21.817640, 1
365,33, 5, 3, 2.086509, 2.120599, 1
366,33, 6, 5, 13.161996, 13.485399, 1
367,33, 6, 0, 7.348908, 7.545776, 1
368,33, 7, 1, 5.077808, 5.042219, 1
369,33, 9, 0, 13.893064, 13.993340, 1
370,33, 10, 2, 21.817640, 22.112026, 1
371,34, 9, 0, 13.993340, 14.093469, 1
372,34, 7, 1, 5.042219, 5.007328, 1
373,34, 10, 2, 22.112026, 22.406549, 1
374,34, 5, 3, 2.120599, 2.154172, 1
375,34, 6, 5, 13.485399, 13.809138, 1
376,34, 6, 0, 7.545776, 7.743227, 1
377,34, 7, 1, 5.007328, 4.973125, 1
378,34, 9, 0, 14.093469, 14.193454, 1
379,34, 10, 2, 22.406549, 22.701208, 1
380,35, 9, 0, 14.193454, 14.293296, 1
381,35, 7, 1, 4.973125, 4.939600, 1
382,35, 10, 2, 22.701208, 22.996000, 1
383,35, 5, 3, 2.154172, 2.187242, 1
384,35, 6, 5, 13.809138, 14.133203, 1
385,35, 6, 0, 7.743227, 7.941242, 1
386,35, 7, 1, 4.939600, 4.906741, 1
387,35, 9, 0, 14.293296, 14.392996, 1
388,35, 10, 2, 22.996000, 23.290924, 1
389,36, 9, 0, 14.392996, 14.492555, 1
390,36, 7, 1, 4.906741, 4.874538, 1
391,36, 10, 2, 23.290924, 23.585976, 1
392,36, 5, 3, 2.187242, 2.219821, 1
393,36, 6, 5, 14.133203, 14.457582, 1
394,36, 6, 0, 7.941242, 8.139798, 1
395,36, 7, 1, 4.874538, 4.842980, 1
396,36, 9, 0, 14.492555, 14.591973, 1
397,36, 10, 2, 23.585976, 23.881153, 1
398,37, 9, 0, 14.591973, 14.691253, 1
399,37, 7, 1, 4.842980, 4.812057, 1
400,37, 10, 2, 23.881153, 24.176455, 1
401,37, 5, 3, 2.219821, 2.251922, 1
402,37, 6, 5, 14.457582, 14.782269, 1
403,37, 6, 0, 8.139798, 8.338878, 1
404,37, 7, 1, 4.812057, 4.781757, 1
405,37, 9, 0, 14.691253, 14.790394, 1
406,37, 10, 2, 24.176455, 24.471878, 1
407,38, 9, 0, 14.790394, 14.889398, 1
408,38, 7, 1, 4.781757, 4.752072, 1
409,38, 10, 2, 24.471878, 24.767422, 1
410,38, 5, 3, 2.251922, 2.283557, 1
411,38, 6, 5, 14.782269, 15.107252, 1
412,38, 6, 0, 8.338878, 8.538462, 1
413,38, 7, 1, 4.752072, 4.722991, 1
414,38, 9, 0, 14.889398, 14.988265, 1
415,38, 10, 2, 24.767422, 25.063084, 1
416,39, 9, 0, 14.988265, 15.086997, 1
417,39, 7, 1, 4.722991, 4.694502, 1
418,39, 10, 2, 25.063084, 25.358862, 1
419,39, 5, 3, 2.283557, 2.314739, 1
420,39, 6, 5, 15.107252, 15.432526, 1
421,39, 6, 0, 8.538462, 8.738533, 1
422,39, 7, 1, 4.694502, 4.666597, 1
423,39, 9, 0, 15.086997, 15.185596, 1
424,39, 10, 2, 25.358862, 25.654753, 1
425,40, 9, 0, 15.185596, 15.284060, 1
426,40, 7, 1, 4.666597, 4.639266, 1
427,40, 10, 2, 25.654753, 25.950756, 1
428,40, 5, 3, 2.314739, 2.345477, 1
429,40, 6, 5, 15.432526, 15.758080, 1
430,40, 6, 0, 8.738533, 8.939075, 1
431,40, 7, 1, 4.639266, 4.612498, 1
432,40, 9, 0, 15.284060, 15.382393, 1
433,40, 10, 2, 25.950756, 26.246870, 1
434,41, 9, 0, 15.382393, 15.480594, 1
435,41, 7, 1, 4.612498, 4.586284, 1
436,41, 10, 2, 26.246870, 26.543093, 1
437,41, 5, 3, 2.345477, 2.375783, 1
438,41, 6, 5, 15.758080, 16.083908, 1
439,41, 6, 0, 8.939075, 9.140074, 1
440,41, 7, 1, 4.586284, 4.560614, 1
441,41, 9, 0, 15.480594, 15.578664, 1
442,41, 10, 2, 26.543093, 26.839420, 1
443,42, 9, 0, 15.578664, 15.676604, 1
444,42, 7, 1, 4.560614, 4.535478, 1
445,42, 10, 2, 26.839420, 27.135855, 1
446,42, 5, 3, 2.375783, 2.405667, 1
447,42, 6, 5, 16.083908, 16.410004, 1
448,42, 6, 0, 9.140074, 9.341513, 1
449,42, 7, 1, 4.535478, 4.510868, 1
450,42, 9, 0, 15.676604, 15.774416, 1
451,42, 10, 2, 27.135855, 27.432392, 1
452,43, 9, 0, 15.774416, 15.872099, 1
453,43, 7, 1, 4.510868, 4.486773, 1
454,43, 10, 2, 27.432392, 27.729031, 1
455,43, 5, 3, 2.405667, 2.435139, 1
456,43, 6, 5, 16.410004, 16.736359, 1
457,43, 6, 0, 9.341513, 9.543379, 1
458,43, 7, 1, 4.486773, 4.463185, 1
459,43, 9, 0, 15.872099, 15.969655, 1
460,43, 10, 2, 27.729031, 28.025770, 1
461,44, 9, 0, 15.969655, 16.067085, 1
462,44, 7, 1, 4.463185, 4.440094, 1
463,44, 10, 2, 28.025770, 28.322607, 1
464,44, 5, 3, 2.435139, 2.464207, 1
465,44, 6, 5, 16.736359, 17.062967, 1
466,44, 6, 0, 9.543379, 9.745659, 1
467,44, 7, 1, 4.440094, 4.417492, 1
468,44, 9, 0, 16.067085, 16.164389, 1
469,44, 10, 2, 28.322607, 28.619541, 1
470,45, 9, 0, 16.164389, 16.261568, 1
471,45, 7, 1, 4.417492, 4.395369, 1
472,45, 10, 2, 28.619541, 28.916573, 1
473,45, 5, 3, 2.464207, 2.492882, 1
474,45, 6, 5, 17.062967, 17.389822, 1
475,45, 6, 0, 9.745659, 9.948340, 1
476,45, 7, 1, 4.395369, 4.373717, 1
477,45, 9, 0, 16.261568, 16.358624, 1
478,45, 10, 2, 28.916573, 29.213697, 1
479,46, 9, 0, 16.358624, 16.455557, 1
480,46, 7, 1, 4.373717, 4.352527, 1
481,46, 10, 2, 29.213697, 29.510916, 1
482,46, 5, 3, 2.492882, 2.521171, 1
483,46, 6, 5, 17.389822, 17.716917, 1
484,46, 6, 0, 9.948340, 10.151411, 1
485,46, 7, 1, 4.352527, 4.331790, 1
486,46, 9, 0, 16.455557, 16.552366, 1
487,46, 10, 2, 29.510916, 29.808226, 1
488,47, 9, 0, 16.552366, 16.649055, 1
489,47, 7, 1, 4.331790, 4.311498, 1
490,47, 10, 2, 29.808226, 30.105627, 1
491,47, 5, 3, 2.521171, 2.549084, 1
492,47, 6, 5, 17.716917, 18.044247, 1
493,47, 6, 0, 10.151411, 10.354860, 1
494,47, 7, 1, 4.311498, 4.291643, 1
495,47, 9, 0, 16.649055, 16.745623, 1
496,47, 10, 2, 30.105627, 30.403116, 1
497,48, 9, 0, 16.745623, 16.842070, 1
498,48, 7, 1, 4.291643, 4.272216, 1
499,48, 10, 2, 30.403116, 30.700695, 1
500,48, 5, 3, 2.549084, 2.576628, 1
501,48, 6, 5, 18.044247, 18.371807, 1
502,48, 6, 0, 10.354860, 10.558677, 1
503,48, 7, 1, 4.272216, 4.253210, 1
504,48, 9, 0, 16.842070, 16.938398, 1
505,48, 10, 2, 30.700695, 30.998360, 1
506,49, 9, 0, 16.938398, 17.034607, 1
507,49, 7, 1, 4.253210, 4.234616, 1
508,49, 10, 2, 30.998360, 31.296110, 1
509,49, 5, 3, 2.576628, 2.603811, 1
510,49, 6, 5, 18.371807, 18.699591, 1
511,49, 6, 0, 10.558677, 10.762850, 1
512,49, 7, 1, 4.234616, 4.216426, 1
513,49, 9, 0, 17.034607, 17.130699, 1
514,49, 10, 2, 31.296110, 31.593945, 1
515,50, 9, 0, 17.130699, 17.226673, 1
516,50, 7, 1, 4.216426, 4.198632, 1
517,50, 10, 2, 31.593945, 31.891863, 1
518,50, 5, 3, 2.603811, 2.630641, 1
519,50, 6, 5, 18.699591, 19.027594, 1
520,50, 6, 0, 10.762850, 10.967369, 1
521,50, 7, 1, 4.198632, 4.181228, 1
522,50, 9, 0, 17.226673, 17.322531, 1
523,50, 10, 2, 31.891863, 32.189861, 1
524,51, 9, 0, 17.322531, 17.418272, 1
525,51, 7, 1, 4.181228, 4.164204, 1
526,51, 10, 2, 32.189861, 32.487942, 1
527,51, 5, 3, 2.630641, 2.657125, 1
528,51, 6, 5, 19.027594, 19.355810, 1
529,51, 6, 0, 10.967369, 11.172226, 1
530,51, 7, 1, 4.164204, 4.147554, 1
531,51, 9, 0, 17.418272, 17.513899, 1
532,51, 10, 2, 32.487942, 32.786102, 1
533,52, 9, 0, 17.513899, 17.609411, 1
534,52, 7, 1, 4.147554, 4.131271, 1
535,52, 10, 2, 32.786102, 33.084343, 1
536,52, 5, 3, 2.657125, 2.683269, 1
537,52, 6, 5, 19.355810, 19.684237, 1
538,52, 6, 0, 11.172226, 11.377411, 1
539,52, 7, 1, 4.131271, 4.115347, 1
540,52, 9, 0, 17.609411, 17.704809, 1
541,52, 10, 2, 33.084343, 33.382660, 1
542,53, 9, 0, 17.704809, 17.800095, 1
543,53, 7, 1, 4.115347, 4.099775, 1
544,53, 10, 2, 33.382660, 33.681057, 1
545,53, 5, 3, 2.683269, 2.709082, 1
546,53, 6, 5, 19.684237, 20.012867, 1
547,53, 6, 0, 11.377411, 11.582915, 1
548,53, 7, 1, 4.099775, 4.084548, 1
549,53, 9, 0, 17.800095, 17.895267, 1
550,53, 10, 2, 33.681057, 33.979530, 1
551,54, 9, 0, 17.895267, 17.990330, 1
552,54, 7, 1, 4.084548, 4.069660, 1
553,54, 10, 2, 33.979530, 34.278076, 1
554,54, 5, 3, 2.709082, 2.734569, 1
555,54, 6, 5, 20.012867, 20.341698, 1
556,54, 6, 0, 11.582915, 11.788732, 1
557,54, 7, 1, 4.069660, 4.055102, 1
558,54, 9, 0, 17.990330, 18.085279, 1
559,54, 10, 2, 34.278076, 34.576698, 1
560,55, 9, 0, 18.085279, 18.180119, 1
561,55, 7, 1, 4.055102, 4.040870, 1
562,55, 10, 2, 34.576698, 34.875393, 1
563,55, 5, 3, 2.734569, 2.759736, 1
564,55, 6, 5, 20.341698, 20.670725, 1
565,55, 6, 0, 11.788732, 11.994851, 1
566,55, 7, 1, 4.040870, 4.026955, 1
567,55, 9, 0, 18.180119, 18.274849, 1
568,55, 10, 2, 34.875393, 35.174160, 1
569,56, 9, 0, 18.274849, 18.369469, 1
570,56, 7, 1, 4.026955, 4.013352, 1
571,56, 10, 2, 35.174160, 35.473000, 1
572,56, 5, 3, 2.759736, 2.784591, 1
573,56, 6, 5, 20.670725, 20.999943, 1
574,56, 6, 0, 11.994851, 12.201266, 1
575,56, 7, 1, 4.013352, 4.000054, 1
576,56, 9, 0, 18.369469, 18.463980, 1
577,56, 10, 2, 35.473000, 35.771908, 1
578,57, 9, 0, 18.463980, 18.558384, 1
579,57, 7, 1, 4.000054, 3.987055, 1
580,57, 10, 2, 35.771908, 36.070885, 1
581,57, 5, 3, 2.784591, 2.809138, 1
582,57, 6, 5, 20.999943, 21.329350, 1
583,57, 6, 0, 12.201266, 12.407969, 1
584,57, 7, 1, 3.987055, 3.974348, 1
585,57, 9, 0, 18.558384, 18.652679, 1
586,57, 10, 2, 36.070885, 36.369934, 1
587,58, 9, 0, 18.652679, 18.746868, 1
588,58, 7, 1, 3.974348, 3.961928, 1
589,58, 10, 2, 36.369934, 36.669048, 1
590,58, 5, 3, 2.809138, 2.833384, 1
591,58, 6, 5, 21.329350, 21.658939, 1
592,58, 6, 0, 12.407969, 12.614954, 1
593,58, 7, 1, 3.961928, 3.949789, 1
594,58, 9, 0, 18.746868, 18.840952, 1
595,58, 10, 2, 36.669048, 36.968231, 1
596,59, 9, 0, 18.840952, 18.934929, 1
597,59, 7, 1, 3.949789, 3.937925, 1
598,59, 10, 2, 36.968231, 37.267483, 1
599,59, 5, 3, 2.833384, 2.857334, 1
600,59, 6, 5, 21.658939, 21.988710, 1
601,59, 6, 0, 12.614954, 12.822213, 1
602,59, 7, 1, 3.937925, 3.926330, 1
603,59, 9, 0, 18.934929, 19.028801, 1
604,59, 10, 2, 37.267483, 37.566799, 1
605,60, 9, 0, 19.028801, 19.122568, 1
606,60, 7, 1, 3.926330, 3.914999, 1
607,60, 10, 2, 37.566799, 37.866180, 1
608,60, 5, 3, 2.857334, 2.880995, 1
609,60, 6, 5, 21.988710, 22.318659, 1
610,60, 6, 0, 12.822213, 13.029740, 1
611,60, 7, 1, 3.914999, 3.903925, 1
612,60, 9, 0, 19.122568, 19.216232, 1
613,60, 10, 2, 37.866180, 38.165627, 1
614,61, 9, 0, 19.216232, 19.309792, 1
615,61, 7, 1, 3.903925, 3.893104, 1
616,61, 10, 2, 38.165627, 38.465137, 1
617,61, 5, 3, 2.880995, 2.904370, 1
618,61, 6, 5, 22.318659, 22.648781, 1
619,61, 6, 0, 13.029740, 13.237529, 1
620,61, 7, 1, 3.893104, 3.882530, 1
621,61, 9, 0, 19.309792, 19.403248, 1
622,61, 10, 2, 38.465137, 38.764709, 1
623,62, 9, 0, 19.403248, 19.496603, 1
624,62, 7, 1, 3.882530, 3.872197, 1
625,62, 10, 2, 38.764709, 39.064342, 1
626,62, 5, 3, 2.904370, 2.927465, 1
627,62, 6, 5, 22.648781, 22.979073, 1
628,62, 6, 0, 13.237529, 13.445573, 1
629,62, 7, 1, 3.872197, 3.862102, 1
630,62, 9, 0, 19.496603, 19.589855, 1
631,62, 10, 2, 39.064342, 39.364040, 1
632,63, 9, 0, 19.589855, 19.683006, 1
633,63, 7, 1, 3.862102, 3.852238, 1
634,63, 10, 2, 39.364040, 39.663799, 1
635,63, 5, 3, 2.927465, 2.950286, 1
636,63, 6, 5, 22.979073, 23.309532, 1
637,63, 6, 0, 13.445573, 13.653867, 1
638,63, 7, 1, 3.852238, 3.842601, 1
639,63, 9, 0, 19.683006, 19.776056, 1
640,63, 10, 2, 39.663799, 39.963615, 1
641,64, 9, 0, 19.776056, 19.869005, 1
642,64, 7, 1, 3.842601, 3.833185, 1
643,64, 10, 2, 39.963615, 40.263493, 1
644,64, 5, 3, 2.950286, 2.972836, 1
645,64, 6, 5, 23.309532, 23.640154, 1
646,64, 6, 0, 13.653867, 13.862406, 1
647,64, 7, 1, 3.833185, 3.823986, 1
648,64, 9, 0, 19.869005, 19.961855, 1
649,64, 10, 2, 40.263493, 40.563431, 1
650,65, 9, 0, 19.961855, 20.054605, 1
651,65, 7, 1, 3.823986, 3.815000, 1
652,65, 10, 2, 40.563431, 40.863426, 1
653,65, 5, 3, 2.972836, 2.995122, 1
654,65, 6, 5, 23.640154, 23.970938, 1
655,65, 6, 0, 13.862406, 14.071183, 1
656,65, 7, 1, 3.815000, 3.806221, 1
657,65, 9, 0, 20.054605, 20.147257, 1
658,65, 10, 2, 40.863426, 41.163479, 1
659,66, 9, 0, 20.147257, 20.239811, 1
660,66, 7, 1, 3.806221, 3.797646, 1
661,66, 10, 2, 41.163479, 41.463589, 1
662,66, 5, 3, 2.995122, 3.017147, 1
663,66, 6, 5, 23.970938, 24.301880, 1
664,66, 6, 0, 14.071183, 14.280194, 1
665,66, 7, 1, 3.797646, 3.789269, 1
666,66, 9, 0, 20.239811, 20.332266, 1
667,66, 10, 2, 41.463589, 41.763756, 1
668,67, 9, 0, 20.332266, 20.424623, 1
669,67, 7, 1, 3.789269, 3.781087, 1
670,67, 10, 2, 41.763756, 42.063980, 1
671,67, 5, 3, 3.017147, 3.038915, 1
672,67, 6, 5, 24.301880, 24.632977, 1
673,67, 6, 0, 14.280194, 14.489434, 1
674,67, 7, 1, 3.781087, 3.773094, 1
675,67, 9, 0, 20.424623, 20.516886, 1
676,67, 10, 2, 42.063980, 42.364258, 1
677,68, 9, 0, 20.516886, 20.609051, 1
678,68, 7, 1, 3.773094, 3.765288, 1
679,68, 10, 2, 42.364258, 42.664593, 1
680,68, 5, 3, 3.038915, 3.060432, 1
681,68, 6, 5, 24.632977, 24.964226, 1
682,68, 6, 0, 14.489434, 14.698898, 1
683,68, 7, 1, 3.765288, 3.757663, 1
684,68, 9, 0, 20.609051, 20.701120, 1
685,68, 10, 2, 42.664593, 42.964981, 1
686,69, 9, 0, 20.701120, 20.793095, 1
687,69, 7, 1, 3.757663, 3.750216, 1
688,69, 10, 2, 42.964981, 43.265423, 1
689,69, 5, 3, 3.060432, 3.081701, 1
690,69, 6, 5, 24.964226, 25.295624, 1
691,69, 6, 0, 14.698898, 14.908581, 1
692,69, 7, 1, 3.750216, 3.742943, 1
693,69, 9, 0, 20.793095, 20.884974, 1
694,69, 10, 2, 43.265423, 43.565918, 1
695,70, 9, 0, 20.884974, 20.976757, 1
696,70, 7, 1, 3.742943, 3.735839, 1
697,70, 10, 2, 43.565918, 43.866467, 1
698,70, 5, 3, 3.081701, 3.102727, 1
699,70, 6, 5, 25.295624, 25.627169, 1
700,70, 6, 0, 14.908581, 15.118478, 1
701,70, 7, 1, 3.735839, 3.728902, 1
702,70, 9, 0, 20.976757, 21.068447, 1
703,70, 10, 2, 43.866467, 44.167068, 1
704,71, 9, 0, 21.068447, 21.160044, 1
705,71, 7, 1, 3.728902, 3.722128, 1
706,71, 10, 2, 44.167068, 44.467720, 1
707,71, 5, 3, 3.102727, 3.123513, 1
708,71, 6, 5, 25.627169, 25.958858, 1
709,71, 6, 0, 15.118478, 15.328586, 1
710,71, 7, 1, 3.722128, 3.715512, 1
711,71, 9, 0, 21.160044, 21.251547, 1
712,71, 10, 2, 44.467720, 44.768425, 1
713,72, 9, 0, 21.251547, 21.342957, 1
714,72, 7, 1, 3.715512, 3.709051, 1
715,72, 10, 2, 44.768425, 45.069180, 1
716,72, 5, 3, 3.123513, 3.144064, 1
717,72, 6, 5, 25.958858, 26.290691, 1
718,72, 6, 0, 15.328586, 15.538899, 1
719,72, 7, 1, 3.709051, 3.702742, 1
720,72, 9, 0, 21.342957, 21.434275, 1
721,72, 10, 2, 45.069180, 45.369984, 1
722,73, 9, 0, 21.434275, 21.525501, 1
723,73, 7, 1, 3.702742, 3.696582, 1
724,73, 10, 2, 45.369984, 45.670837, 1
725,73, 5, 3, 3.144064, 3.164383, 1
726,73, 6, 5, 26.290691, 26.622663, 1
727,73, 6, 0, 15.538899, 15.749414, 1
728,73, 7, 1, 3.696582, 3.690566, 1
729,73, 9, 0, 21.525501, 21.616636, 1
730,73, 10, 2, 45.670837, 45.971741, 1
731,74, 9, 0, 21.616636, 21.707680, 1
732,74, 7, 1, 3.690566, 3.684692, 1
733,74, 10, 2, 45.971741, 46.272694, 1
734,74, 5, 3, 3.164383, 3.184474, 1
735,74, 6, 5, 26.622663, 26.954773, 1
736,74, 6, 0, 15.749414, 15.960128, 1
737,74, 7, 1, 3.684692, 3.678957, 1
738,74, 9, 0, 21.707680, 21.798632, 1
739,74, 10, 2, 46.272694, 46.573696, 1
740,75, 9, 0, 21.798632, 21.889494, 1
741,75, 7, 1, 3.678957, 3.673357, 1
742,75, 10, 2, 46.573696, 46.874744, 1
743,75, 5, 3, 3.184474, 3.204341, 1
744,75, 6, 5, 26.954773, 27.287018, 1
745,75, 6, 0, 15.960128, 16.171036, 1
746,75, 7, 1, 3.673357, 3.667889, 1
747,75, 9, 0, 21.889494, 21.980267, 1
748,75, 10, 2, 46.874744, 47.175842, 1
749,76, 9, 0, 21.980267, 22.070950, 1
750,76, 7, 1, 3.667889, 3.662551, 1
751,76, 10, 2, 47.175842, 47.476986, 1
752,76, 5, 3, 3.204341, 3.223986, 1
753,76, 6, 5, 27.287018, 27.619394, 1
754,76, 6, 0, 16.171036, 16.382133, 1
755,76, 7, 1, 3.662551, 3.657339, 1
756,76, 9, 0, 22.070950, 22.161545, 1
757,76, 10, 2, 47.476986, 47.778179, 1
758,77, 9, 0, 22.161545, 22.252050, 1
759,77, 7, 1, 3.657339, 3.652250, 1
760,77, 10, 2, 47.778179, 48.079418, 1
761,77, 5, 3, 3.223986, 3.243415, 1
762,77, 6, 5, 27.619394, 27.951902, 1
763,77, 6, 0, 16.382133, 16.593418, 1
764,77, 7, 1, 3.652250, 3.647282, 1
765,77, 9, 0, 22.252050, 22.342468, 1
766,77, 10, 2, 48.079418, 48.380703, 1
767,78, 9, 0, 22.342468, 22.432798, 1
768,78, 7, 1, 3.647282, 3.642432, 1
769,78, 10, 2, 48.380703, 48.682034, 1
770,78, 5, 3, 3.243415, 3.262629, 1
771,78, 6, 5, 27.951902, 28.284540, 1
772,78, 6, 0, 16.593418, 16.804886, 1
773,78, 7, 1, 3.642432, 3.637697, 1
774,78, 9, 0, 22.432798, 22.523041, 1
775,78, 10, 2, 48.682034, 48.983410, 1
776,79, 9, 0, 22.523041, 22.613195, 1
777,79, 7, 1, 3.637697, 3.633075, 1
778,79, 10, 2, 48.983410, 49.284828, 1
779,79, 5, 3, 3.262629, 3.281633, 1
780,79, 6, 5, 28.284540, 28.617304, 1
781,79, 6, 0, 16.804886, 17.016533, 1
782,79, 7, 1, 3.633075, 3.628562, 1
783,79, 9, 0, 22.613195, 22.703264, 1
784,79, 10, 2, 49.284828, 49.586292, 1
785,80, 9, 0, 22.703264, 22.793247, 1
786,80, 7, 1, 3.628562, 3.624157, 1
787,80, 10, 2, 49.586292, 49.887798, 1
788,80, 5, 3, 3.281633, 3.300429, 1
789,80, 6, 5, 28.617304, 28.950193, 1
790,80, 6, 0, 17.016533, 17.228357, 1
791,80, 7, 1, 3.624157, 3.619857, 1
792,80, 9, 0, 22.793247, 22.883144, 1
793,80, 10, 2, 49.887798, 50.189350, 1
794,81, 9, 0, 22.883144, 22.972956, 1
795,81, 7, 1, 3.619857, 3.615659, 1
796,81, 10, 2, 50.189350, 50.490944, 1
797,81, 5, 3, 3.300429, 3.319021, 1
798,81, 6, 5, 28.950193, 29.283205, 1
799,81, 6, 0, 17.228357, 17.440355, 1
800,81, 7, 1, 3.615659, 3.611561, 1
801,81, 9, 0, 22.972956, 23.062681, 1
802,81, 10, 2, 50.490944, 50.792583, 1
803,82, 9, 0, 23.062681, 23.152323, 1
804,82, 7, 1, 3.611561, 3.607561, 1
805,82, 10, 2, 50.792583, 51.094265, 1
806,82, 5, 3, 3.319021, 3.337412, 1
807,82, 6, 5, 29.283205, 29.616339, 1
808,82, 6, 0, 17.440355, 17.652523, 1
809,82, 7, 1, 3.607561, 3.603656, 1
810,82, 9, 0, 23.152323, 23.241879, 1
811,82, 10, 2, 51.094265, 51.395988, 1
812,83, 9, 0, 23.241879, 23.331350, 1
813,83, 7, 1, 3.603656, 3.599845, 1
814,83, 10, 2, 51.395988, 51.697754, 1
815,83, 5, 3, 3.337412, 3.355604, 1
816,83, 6, 5, 29.616339, 29.949591, 1
817,83, 6, 0, 17.652523, 17.864859, 1
818,83, 7, 1, 3.599845, 3.596125, 1
819,83, 9, 0, 23.331350, 23.420738, 1
820,83, 10, 6, 0.300000, 0.000000, 1
821,84, 9, 0, 23.420738, 23.510044, 1
822,84, 7, 1, 3.596125, 3.592494, 1
823,84, 10, 2, 51.697754, 51.766876, 1
824,84, 5, 3, 3.355604, 3.373601, 1
825,84, 6, 5, 29.949591, 30.203085, 1
826,84, 6, 0, 17.864859, 17.997593, 1
827,84, 7, 1, 3.592494, 3.588949, 1
828,84, 9, 0, 23.510044, 23.599266, 1
829,84, 10, 2, 51.766876, 51.836006, 1
830,85, 9, 0, 23.599266, 23.688406, 1
831,85, 7, 1, 3.588949, 3.585490, 1
832,85, 10, 2, 51.836006, 51.905140, 1
833,85, 5, 3, 3.373601, 3.391406, 1
834,85, 6, 5, 30.203085, 30.456663, 1
835,85, 6, 0, 17.997593, 18.130415, 1
836,85, 7, 1, 3.585490, 3.582113, 1
837,85, 9, 0, 23.688406, 23.777464, 1
838,85, 10, 2, 51.905140, 51.974281, 1
839,86, 9, 0, 23.777464, 23.866440, 1
840,86, 7, 1, 3.582113, 3.578818, 1
841,86, 10, 2, 51.974281, 52.043430, 1
842,86, 5, 3, 3.391406, 3.409020, 1
843,86, 6, 5, 30.456663, 30.710325, 1
844,86, 6, 0, 18.130415, 18.263327, 1
845,86, 7, 1, 3.578818, 3.575601, 1
846,86, 9, 0, 23.866440, 23.955334, 1
847,86, 10, 2, 52.043430, 52.112587, 1
848,87, 9, 0, 23.955334, 24.044146, 1
849,87, 7, 1, 3.575601, 3.572462, 1
850,87, 10, 2, 52.112587, 52.181751, 1
851,87, 5, 3, 3.409020, 3.426449, 1
852,87, 6, 5, 30.710325, 30.964069, 1
853,87, 6, 0, 18.263327, 18.396324, 1
854,87, 7, 1, 3.572462, 3.569398, 1
855,87, 9, 0, 24.044146, 24.132877, 1
856,87, 10, 2, 52.181751, 52.250919, 1
857,88, 9, 0, 24.132877, 24.221527, 1
858,88, 7, 1, 3.569398, 3.566408, 1
859,88, 10, 2, 52.250919, 52.320095, 1
860,88, 5, 3, 3.426449, 3.443692, 1
861,88, 6, 5, 30.964069, 31.217896, 1
862,88, 6, 0, 18.396324, 18.529409, 1
863,88, 7, 1, 3.566408, 3.563489, 1
864,88, 9, 0, 24.221527, 24.310097, 1
865,88, 10, 2, 52.320095, 52.389278, 1
866,89, 9, 0, 24.310097, 24.398586, 1
867,89, 7, 1, 3.563489, 3.560641, 1
868,89, 10, 2, 52.389278, 52.458469, 1
869,89, 5, 3, 3.443692, 3.460755, 1
870,89, 6, 5, 31.217896, 31.471802, 1
871,89, 6, 0, 18.529409, 18.662580, 1
872,89, 7, 1, 3.560641, 3.557861, 1
873,89, 9, 0, 24.398586, 24.486996, 1
874,89, 10, 2, 52.458469, 52.527664, 1
875,90, 9, 0, 24.486996, 24.575327, 1
876,90, 7, 1, 3.557861, 3.555148, 1
877,90, 10, 2, 52.527664, 52.596867, 1
878,90, 5, 3, 3.460755, 3.477638, 1
879,90, 6, 5, 31.471802, 31.725788, 1
880,90, 6, 0, 18.662580, 18.795835, 1
881,90, 7, 1, 3.555148, 3.552500, 1
882,90, 9, 0, 24.575327, 24.663578, 1
883,90, 10, 2, 52.596867, 52.666077, 1
884,91, 9, 0, 24.663578, 24.751751, 1
885,91, 7, 1, 3.552500, 3.549917, 1
886,91, 10, 2, 52.666077, 52.735291, 1
887,91, 5, 3, 3.477638, 3.494345, 1
888,91, 6, 5, 31.725788, 31.979855, 1
889,91, 6, 0, 18.795835, 18.929176, 1
890,91, 7, 1, 3.549917, 3.547395, 1
891,91, 9, 0, 24.751751, 24.839846, 1
892,91, 10, 2, 52.735291, 52.804512, 1
893,92, 9, 0, 24.839846, 24.927862, 1
894,92, 7, 1, 3.547395, 3.544935, 1
895,92, 10, 2, 52.804512, 52.873741, 1
896,92, 5, 3, 3.494345, 3.510878, 1
897,92, 6, 5, 31.979855, 32.233997, 1
898,92, 6, 0, 18.929176, 19.062599, 1
899,92, 7, 1, 3.544935, 3.542533, 1
900,92, 9, 0, 24.927862, 25.015800, 1
901,92, 10, 2, 52.873741, 52.942978, 1
902,93, 9, 0, 25.015800, 25.103662, 1
903,93, 7, 1, 3.542533, 3.540190, 1
904,93, 10, 2, 52.942978, 53.012218, 1
905,93, 5, 3, 3.510878, 3.527239, 1
906,93, 6, 5, 32.233997, 32.488220, 1
907,93, 6, 0, 19.062599, 19.196106, 1
908,93, 7, 1, 3.540190, 3.537903, 1
909,93, 9, 0, 25.103662, 25.191446, 1
910,93, 10, 2, 53.012218, 53.081467, 1
911,94, 9, 0, 25.191446, 25.279154, 1
912,94, 7, 1, 3.537903, 3.535671, 1
913,94, 10, 2, 53.081467, 53.150723, 1
914,94, 5, 3, 3.527239, 3.543432, 1
915,94, 6, 5, 32.488220, 32.742519, 1
916,94, 6, 0, 19.196106, 19.329695, 1
917,94, 7, 1, 3.535671, 3.533494, 1
918,94, 9, 0, 25.279154, 25.366785, 1
919,94, 10, 2, 53.150723, 53.219986, 1
920,95, 9, 0, 25.366785, 25.454340, 1
921,95, 7, 1, 3.533494, 3.531368, 1
922,95, 10, 2, 53.219986, 53.289253, 1
923,95, 5, 3, 3.543432, 3.559457, 1
924,95, 6, 5, 32.742519, 32.996895, 1
925,95, 6, 0, 19.329695, 19.463366, 1
926,95, 7, 1, 3.531368, 3.529294, 1
927,95, 9, 0, 25.454340, 25.541819, 1
928,95, 10, 2, 53.289253, 53.358528, 1
929,96, 9, 0, 25.541819, 25.629221, 1
930,96, 7, 1, 3.529294, 3.527271, 1
931,96, 10, 2, 53.358528, 53.427811, 1
932,96, 5, 3, 3.559457, 3.575317, 1
933,96, 6, 5, 32.996895, 33.251347, 1
934,96, 6, 0, 19.463366, 19.597116, 1
935,96, 7, 1, 3.527271, 3.525296, 1
936,96, 9, 0, 25.629221, 25.716547, 1
937,96, 10, 2, 53.427811, 53.497097, 1
938,97, 9, 0, 25.716547, 25.803799, 1
939,97, 7, 1, 3.525296, 3.523369, 1
940,97, 10, 2, 53.497097, 53.566391, 1
941,97, 5, 3, 3.575317, 3.591016, 1
942,97, 6, 5, 33.251347, 33.505871, 1
943,97, 6, 0, 19.597116, 19.730947, 1
944,97, 7, 1, 3.523369, 3.521489, 1
945,97, 9, 0, 25.803799, 25.890976, 1
946,97, 10, 2, 53.566391, 53.635693, 1
947,98, 9, 0, 25.890976, 25.978077, 1
948,98, 7, 1, 3.521489, 3.519655, 1
949,98, 10, 2, 53.635693, 53.705002, 1
950,98, 5, 3, 3.591016, 3.606554, 1
951,98, 6, 5, 33.505871, 33.760471, 1
952,98, 6, 0, 19.730947, 19.864857, 1
953,98, 7, 1, 3.519655, 3.517864, 1
954,98, 9, 0, 25.978077, 26.065105, 1
955,98, 10, 2, 53.705002, 53.774315, 1
956,99, 9, 0, 26.065105, 26.152060, 1
957,99, 7, 1, 3.517864, 3.516117, 1
958,99, 10, 2, 53.774315, 53.843636, 1
959,99, 5, 3, 3.606554, 3.621934, 1
960,99, 6, 5, 33.760471, 34.015144, 1
961,99, 6, 0, 19.864857, 19.998846, 1
962,99, 7, 1, 3.516117, 3.514413, 1
963,99, 9, 0, 26.152060, 26.238939, 1
964,99, 10, 2, 53.843636, 53.912964, 1
965,100, 9, 0, 26.238939, 26.325745, 1
966,100, 7, 1, 3.514413, 3.512750, 1
967,100, 10, 2, 53.912964, 53.982296, 1
968,100, 5, 3, 3.621934, 3.637158, 1
969,100, 6, 5, 34.015144, 34.269890, 1
970,100, 6, 0, 19.998846, 20.132912, 1
971,100, 7, 1, 3.512750, 3.511127, 1
972,100, 9, 0, 26.325745, 26.412477, 1
973,100, 10, 2, 53.982296, 54.051636, 1
